<?xml version="1.0" encoding="UTF-8"?>

<FLOW VERSION="3.0" CLEANUP="true">

  <!-- nodes -->

<INVOKE TIMEOUT="" SERVICE="HelloDBP.HelloSalesforce:getAccountAddress_sf" VALIDATE-IN="$none" VALIDATE-OUT="$none">
  <COMMENT></COMMENT>

  <!-- nodes -->

<MAP MODE="INPUT">
  <MAPTARGET>

<Values version="2.0">
  <record name="xml" javaclass="com.wm.util.Values">
    <value name="node_type">record</value>
    <value name="node_subtype">unknown</value>
    <value name="is_public">false</value>
    <value name="field_type">record</value>
    <value name="field_dim">0</value>
    <value name="wrapper_type">IData</value>
    <value name="nillable">true</value>
    <value name="form_qualified">false</value>
    <value name="is_global">false</value>
    <array name="rec_fields" type="record" depth="1">
      <record javaclass="com.wm.util.Values">
        <value name="node_type">record</value>
        <value name="node_subtype">unknown</value>
        <value name="is_public">false</value>
        <value name="field_name">getAccountAddress_sfInput</value>
        <value name="field_type">record</value>
        <value name="field_dim">0</value>
        <value name="wrapper_type">IData</value>
        <value name="nillable">true</value>
        <value name="form_qualified">false</value>
        <value name="is_global">false</value>
        <array name="rec_fields" type="record" depth="1">
          <record javaclass="com.wm.util.Values">
            <value name="node_type">record</value>
            <value name="node_subtype">unknown</value>
            <value name="is_public">false</value>
            <value name="field_name">requestHeaders</value>
            <value name="field_type">record</value>
            <value name="field_dim">0</value>
            <value name="wrapper_type">IData</value>
            <value name="nillable">true</value>
            <value name="form_qualified">false</value>
            <value name="is_global">false</value>
            <array name="rec_fields" type="record" depth="1">
            </array>
            <value name="modifiable">true</value>
          </record>
          <record javaclass="com.wm.util.Values">
            <value name="node_type">record</value>
            <value name="node_subtype">unknown</value>
            <value name="is_public">false</value>
            <value name="field_name">requestBody</value>
            <value name="field_type">record</value>
            <value name="field_dim">0</value>
            <value name="wrapper_type">IData</value>
            <value name="nillable">true</value>
            <value name="form_qualified">false</value>
            <value name="is_global">false</value>
            <array name="rec_fields" type="record" depth="1">
              <record javaclass="com.wm.util.Values">
                <value name="node_type">record</value>
                <value name="node_subtype">unknown</value>
                <value name="is_public">false</value>
                <value name="field_name">tns:search</value>
                <value name="field_type">record</value>
                <value name="field_dim">0</value>
                <value name="field_opt">true</value>
                <value name="wrapper_type">IData</value>
                <value name="nillable">false</value>
                <value name="field_xmlns">urn:partner.soap.sforce.com</value>
                <value name="form_qualified">false</value>
                <value name="is_global">false</value>
                <value name="field_min">0</value>
                <value name="field_max">1</value>
                <value name="field_enhanced">true</value>
                <value name="field_is_attribute">false</value>
                <value name="field_is_text">false</value>
                <value name="field_is_xml_content">false</value>
                <value name="any_mode">0</value>
                <value name="role">0</value>
                <value name="any_mode_uris"></value>
                <value name="process">0</value>
                <array name="rec_fields" type="record" depth="1">
                  <record javaclass="com.wm.util.Values">
                    <value name="node_type">record</value>
                    <value name="node_subtype">unknown</value>
                    <value name="is_public">false</value>
                    <value name="field_name">tns:searchString</value>
                    <value name="field_type">string</value>
                    <value name="field_dim">0</value>
                    <record name="field_content_type" javaclass="com.wm.util.Values">
                      <value name="contentType">1</value>
                      <value name="internalType">reference</value>
                      <value name="dataTypeVersion">dtVersion2</value>
                      <array name="targetNames" type="record" depth="1">
                        <record javaclass="com.wm.util.Values">
                          <value name="xmlns">http://www.w3.org/2001/XMLSchema</value>
                          <value name="ncName">string</value>
                        </record>
                      </array>
                    </record>
                    <value name="nillable">false</value>
                    <value name="field_xmlns">urn:partner.soap.sforce.com</value>
                    <value name="form_qualified">true</value>
                    <value name="is_global">false</value>
                    <value name="field_min">1</value>
                    <value name="field_max">1</value>
                    <value name="field_enhanced">true</value>
                    <value name="field_is_attribute">false</value>
                    <value name="field_is_text">false</value>
                    <value name="field_is_xml_content">false</value>
                    <value name="any_mode">0</value>
                    <value name="role">0</value>
                    <value name="any_mode_uris"></value>
                    <value name="process">0</value>
                  </record>
                </array>
                <value name="rec_closed">true</value>
                <value name="modifiable">true</value>
                <value name="modelType">1</value>
                <value name="preserveText">false</value>
                <value name="namedText">false</value>
                <value name="leadingText">false</value>
              </record>
            </array>
            <value name="modifiable">true</value>
          </record>
        </array>
        <value name="modifiable">true</value>
      </record>
      <record javaclass="com.wm.util.Values">
        <value name="node_type">unknown</value>
        <value name="node_subtype">unknown</value>
        <value name="is_public">false</value>
        <value name="field_name">$connectionAlias</value>
        <value name="field_type">string</value>
        <value name="field_dim">0</value>
        <value name="field_opt">true</value>
        <value name="nillable">true</value>
        <value name="form_qualified">false</value>
        <value name="is_global">false</value>
      </record>
    </array>
    <value name="modifiable">true</value>
  </record>
</Values>
</MAPTARGET>
  <MAPSOURCE>

<Values version="2.0">
  <record name="xml" javaclass="com.wm.util.Values">
    <value name="node_type">record</value>
    <value name="node_subtype">unknown</value>
    <value name="is_public">false</value>
    <value name="field_type">record</value>
    <value name="field_dim">0</value>
    <value name="wrapper_type">IData</value>
    <value name="nillable">true</value>
    <value name="form_qualified">false</value>
    <value name="is_global">false</value>
    <array name="rec_fields" type="record" depth="1">
    </array>
    <value name="modifiable">true</value>
  </record>
</Values>
</MAPSOURCE>

  <!-- nodes -->

<MAPSET NAME="Setter" OVERWRITE="true" VARIABLES="true" GLOBALVARIABLES="false" FIELD="/getAccountAddress_sfInput;2;0/requestBody;2;0/tns:search;2;0/tns:searchString;1;0">
  <DATA ENCODING="XMLValues" I18N="true">

<Values version="2.0">
  <value name="xml">FIND {%Account%} IN Name FIELDS RETURNING Account(BillingStreet,BillingCity,BillingState,BillingPostalCode,BillingCountry)</value>
  <record name="type" javaclass="com.wm.util.Values">
    <value name="node_type">record</value>
    <value name="node_subtype">unknown</value>
    <value name="is_public">false</value>
    <value name="field_name">tns:searchString</value>
    <value name="field_type">string</value>
    <value name="field_dim">0</value>
    <record name="field_content_type" javaclass="com.wm.util.Values">
      <value name="contentType">1</value>
      <value name="internalType">reference</value>
      <value name="dataTypeVersion">dtVersion2</value>
      <array name="targetNames" type="record" depth="1">
        <record javaclass="com.wm.util.Values">
          <value name="xmlns">http://www.w3.org/2001/XMLSchema</value>
          <value name="ncName">string</value>
        </record>
      </array>
    </record>
    <value name="nillable">false</value>
    <value name="field_xmlns">urn:partner.soap.sforce.com</value>
    <value name="form_qualified">true</value>
    <value name="is_global">false</value>
    <value name="field_min">1</value>
    <value name="field_max">1</value>
    <value name="field_enhanced">true</value>
    <value name="field_is_attribute">false</value>
    <value name="field_is_text">false</value>
    <value name="field_is_xml_content">false</value>
    <value name="any_mode">0</value>
    <value name="role">0</value>
    <value name="any_mode_uris"></value>
    <value name="process">0</value>
  </record>
</Values>
</DATA>
</MAPSET>
</MAP>

<MAP MODE="OUTPUT">
  <MAPTARGET>

<Values version="2.0">
  <record name="xml" javaclass="com.wm.util.Values">
    <value name="node_type">record</value>
    <value name="node_subtype">unknown</value>
    <value name="is_public">false</value>
    <value name="field_type">record</value>
    <value name="field_dim">0</value>
    <value name="wrapper_type">IData</value>
    <value name="nillable">true</value>
    <value name="form_qualified">false</value>
    <value name="is_global">false</value>
    <array name="rec_fields" type="record" depth="1">
      <record javaclass="com.wm.util.Values">
        <value name="node_type">record</value>
        <value name="node_subtype">unknown</value>
        <value name="is_public">false</value>
        <value name="field_name">getAccountAddress_sfInput</value>
        <value name="field_type">record</value>
        <value name="field_dim">0</value>
        <value name="wrapper_type">IData</value>
        <value name="nillable">true</value>
        <value name="form_qualified">false</value>
        <value name="is_global">false</value>
        <array name="rec_fields" type="record" depth="1">
        </array>
        <value name="modifiable">true</value>
      </record>
      <record javaclass="com.wm.util.Values">
        <value name="node_type">record</value>
        <value name="node_subtype">unknown</value>
        <value name="node_comment"></value>
        <record name="node_hints" javaclass="com.wm.util.Values">
          <value name="field_usereditable">true</value>
          <value name="field_largerEditor">false</value>
          <value name="field_password">false</value>
        </record>
        <value name="is_public">false</value>
        <value name="field_name">Account</value>
        <value name="field_type">string</value>
        <value name="field_dim">0</value>
        <array name="field_options" type="value" depth="1">
        </array>
        <value name="nillable">true</value>
        <value name="form_qualified">false</value>
        <value name="is_global">false</value>
      </record>
      <record javaclass="com.wm.util.Values">
        <value name="node_type">record</value>
        <value name="node_subtype">unknown</value>
        <value name="is_public">false</value>
        <value name="field_name">getAccountAddress_sfOutput</value>
        <value name="field_type">record</value>
        <value name="field_dim">0</value>
        <value name="wrapper_type">IData</value>
        <value name="nillable">true</value>
        <value name="form_qualified">false</value>
        <value name="is_global">false</value>
        <array name="rec_fields" type="record" depth="1">
        </array>
        <value name="modifiable">true</value>
      </record>
      <record javaclass="com.wm.util.Values">
        <value name="node_type">record</value>
        <value name="node_subtype">unknown</value>
        <value name="is_public">false</value>
        <value name="field_name">Address</value>
        <value name="field_type">recref</value>
        <value name="field_dim">0</value>
        <value name="nillable">true</value>
        <value name="form_qualified">false</value>
        <value name="is_global">false</value>
        <value name="modifiable">true</value>
        <value name="rec_ref">HelloDBP.HelloSalesforce:Address</value>
      </record>
    </array>
    <value name="modifiable">true</value>
  </record>
</Values>
</MAPTARGET>
  <MAPSOURCE>

<Values version="2.0">
  <record name="xml" javaclass="com.wm.util.Values">
    <value name="node_type">record</value>
    <value name="node_subtype">unknown</value>
    <value name="is_public">false</value>
    <value name="field_type">record</value>
    <value name="field_dim">0</value>
    <value name="wrapper_type">IData</value>
    <value name="nillable">true</value>
    <value name="form_qualified">false</value>
    <value name="is_global">false</value>
    <array name="rec_fields" type="record" depth="1">
      <record javaclass="com.wm.util.Values">
        <value name="node_type">record</value>
        <value name="node_subtype">unknown</value>
        <value name="is_public">false</value>
        <value name="field_name">getAccountAddress_sfOutput</value>
        <value name="field_type">record</value>
        <value name="field_dim">0</value>
        <value name="wrapper_type">IData</value>
        <value name="nillable">true</value>
        <value name="form_qualified">false</value>
        <value name="is_global">false</value>
        <array name="rec_fields" type="record" depth="1">
          <record javaclass="com.wm.util.Values">
            <value name="node_type">record</value>
            <value name="node_subtype">unknown</value>
            <value name="is_public">false</value>
            <value name="field_name">responseHeaders</value>
            <value name="field_type">record</value>
            <value name="field_dim">0</value>
            <value name="field_opt">true</value>
            <value name="wrapper_type">IData</value>
            <value name="nillable">true</value>
            <value name="form_qualified">false</value>
            <value name="is_global">false</value>
            <array name="rec_fields" type="record" depth="1">
            </array>
            <value name="modifiable">true</value>
          </record>
          <record javaclass="com.wm.util.Values">
            <value name="node_type">record</value>
            <value name="node_subtype">unknown</value>
            <value name="is_public">false</value>
            <value name="field_name">responseBody</value>
            <value name="field_type">record</value>
            <value name="field_dim">0</value>
            <value name="field_opt">true</value>
            <value name="wrapper_type">IData</value>
            <value name="nillable">true</value>
            <value name="form_qualified">false</value>
            <value name="is_global">false</value>
            <array name="rec_fields" type="record" depth="1">
              <record javaclass="com.wm.util.Values">
                <value name="node_type">record</value>
                <value name="node_subtype">unknown</value>
                <value name="is_public">false</value>
                <value name="field_name">tns:searchResponse</value>
                <value name="field_type">record</value>
                <value name="field_dim">0</value>
                <value name="field_opt">true</value>
                <value name="wrapper_type">IData</value>
                <value name="nillable">false</value>
                <value name="field_xmlns">urn:partner.soap.sforce.com</value>
                <value name="form_qualified">false</value>
                <value name="is_global">false</value>
                <value name="field_min">0</value>
                <value name="field_max">1</value>
                <value name="field_enhanced">true</value>
                <value name="field_is_attribute">false</value>
                <value name="field_is_text">false</value>
                <value name="field_is_xml_content">false</value>
                <value name="any_mode">0</value>
                <value name="role">0</value>
                <value name="any_mode_uris"></value>
                <value name="process">0</value>
                <array name="rec_fields" type="record" depth="1">
                  <record javaclass="com.wm.util.Values">
                    <value name="node_type">record</value>
                    <value name="node_subtype">unknown</value>
                    <value name="is_public">false</value>
                    <value name="field_name">tns:result</value>
                    <value name="field_type">record</value>
                    <value name="field_dim">0</value>
                    <value name="wrapper_type">IData</value>
                    <value name="nillable">true</value>
                    <value name="field_xmlns">urn:partner.soap.sforce.com</value>
                    <value name="form_qualified">false</value>
                    <value name="is_global">false</value>
                    <value name="schemaDomain">com.softwareag.cloudstreams.salesforce_v37#SforceService</value>
                    <value name="docTypeDomain">3d8b73c3798c43258c8af6c3eb78348e</value>
                    <value name="field_min">1</value>
                    <value name="field_max">1</value>
                    <value name="field_enhanced">true</value>
                    <value name="field_is_attribute">false</value>
                    <value name="field_is_text">false</value>
                    <value name="field_is_xml_content">false</value>
                    <value name="any_mode">0</value>
                    <value name="role">0</value>
                    <value name="any_mode_uris"></value>
                    <value name="process">0</value>
                    <array name="rec_fields" type="record" depth="1">
                      <record javaclass="com.wm.util.Values">
                        <value name="node_type">record</value>
                        <value name="node_subtype">unknown</value>
                        <value name="is_public">false</value>
                        <value name="field_name">tns:queryId</value>
                        <value name="field_type">string</value>
                        <value name="field_dim">0</value>
                        <record name="field_content_type" javaclass="com.wm.util.Values">
                          <value name="contentType">1</value>
                          <value name="internalType">reference</value>
                          <value name="dataTypeVersion">dtVersion2</value>
                          <array name="targetNames" type="record" depth="1">
                            <record javaclass="com.wm.util.Values">
                              <value name="xmlns">http://www.w3.org/2001/XMLSchema</value>
                              <value name="ncName">string</value>
                            </record>
                          </array>
                        </record>
                        <value name="nillable">false</value>
                        <value name="field_xmlns">urn:partner.soap.sforce.com</value>
                        <value name="form_qualified">true</value>
                        <value name="is_global">false</value>
                        <value name="field_min">1</value>
                        <value name="field_max">1</value>
                        <value name="field_enhanced">true</value>
                        <value name="field_is_attribute">false</value>
                        <value name="field_is_text">false</value>
                        <value name="field_is_xml_content">false</value>
                        <value name="any_mode">0</value>
                        <value name="role">0</value>
                        <value name="any_mode_uris"></value>
                        <value name="process">0</value>
                      </record>
                      <record javaclass="com.wm.util.Values">
                        <value name="node_type">record</value>
                        <value name="node_subtype">unknown</value>
                        <value name="is_public">false</value>
                        <value name="field_name">tns:searchRecords</value>
                        <value name="field_type">record</value>
                        <value name="field_dim">1</value>
                        <value name="field_opt">true</value>
                        <value name="wrapper_type">IData</value>
                        <value name="nillable">true</value>
                        <value name="field_xmlns">urn:partner.soap.sforce.com</value>
                        <value name="form_qualified">false</value>
                        <value name="is_global">false</value>
                        <value name="schemaDomain">com.softwareag.cloudstreams.salesforce_v37#SforceService</value>
                        <value name="docTypeDomain">3d8b73c3798c43258c8af6c3eb78348e</value>
                        <value name="is_soap_array_encoding_used">false</value>
                        <value name="field_min">0</value>
                        <value name="field_max">-1</value>
                        <value name="field_enhanced">true</value>
                        <value name="field_is_attribute">false</value>
                        <value name="field_is_text">false</value>
                        <value name="field_is_xml_content">false</value>
                        <value name="any_mode">0</value>
                        <value name="role">0</value>
                        <value name="any_mode_uris"></value>
                        <value name="process">0</value>
                        <array name="rec_fields" type="record" depth="1">
                          <record javaclass="com.wm.util.Values">
                            <value name="node_type">record</value>
                            <value name="node_subtype">unknown</value>
                            <value name="is_public">false</value>
                            <value name="field_name">tns:record</value>
                            <value name="field_type">record</value>
                            <value name="field_dim">0</value>
                            <value name="wrapper_type">IData</value>
                            <value name="nillable">true</value>
                            <value name="field_xmlns">urn:partner.soap.sforce.com</value>
                            <value name="form_qualified">false</value>
                            <value name="is_global">false</value>
                            <value name="schemaDomain">com.softwareag.cloudstreams.salesforce_v37#SforceService</value>
                            <value name="docTypeDomain">3d8b73c3798c43258c8af6c3eb78348e</value>
                            <value name="field_min">1</value>
                            <value name="field_max">1</value>
                            <value name="field_enhanced">true</value>
                            <value name="field_is_attribute">false</value>
                            <value name="field_is_text">false</value>
                            <value name="field_is_xml_content">false</value>
                            <value name="any_mode">0</value>
                            <value name="role">0</value>
                            <value name="any_mode_uris"></value>
                            <value name="process">0</value>
                            <array name="rec_fields" type="record" depth="1">
                              <record javaclass="com.wm.util.Values">
                                <value name="node_type">record</value>
                                <value name="node_subtype">unknown</value>
                                <value name="is_public">false</value>
                                <value name="field_name">ens:type</value>
                                <value name="field_type">string</value>
                                <value name="field_dim">0</value>
                                <record name="field_content_type" javaclass="com.wm.util.Values">
                                  <value name="contentType">1</value>
                                  <value name="internalType">reference</value>
                                  <value name="dataTypeVersion">dtVersion2</value>
                                  <array name="targetNames" type="record" depth="1">
                                    <record javaclass="com.wm.util.Values">
                                      <value name="xmlns">http://www.w3.org/2001/XMLSchema</value>
                                      <value name="ncName">string</value>
                                    </record>
                                  </array>
                                </record>
                                <value name="nillable">false</value>
                                <value name="field_xmlns">urn:sobject.partner.soap.sforce.com</value>
                                <value name="form_qualified">true</value>
                                <value name="is_global">false</value>
                                <value name="field_min">1</value>
                                <value name="field_max">1</value>
                                <value name="field_enhanced">true</value>
                                <value name="field_is_attribute">false</value>
                                <value name="field_is_text">false</value>
                                <value name="field_is_xml_content">false</value>
                                <value name="any_mode">0</value>
                                <value name="role">0</value>
                                <value name="any_mode_uris"></value>
                                <value name="process">0</value>
                              </record>
                              <record javaclass="com.wm.util.Values">
                                <value name="node_type">record</value>
                                <value name="node_subtype">unknown</value>
                                <value name="is_public">false</value>
                                <value name="field_name">ens:fieldsToNull</value>
                                <value name="field_type">string</value>
                                <value name="field_dim">1</value>
                                <value name="field_opt">true</value>
                                <record name="field_content_type" javaclass="com.wm.util.Values">
                                  <value name="contentType">1</value>
                                  <value name="internalType">reference</value>
                                  <value name="dataTypeVersion">dtVersion2</value>
                                  <array name="targetNames" type="record" depth="1">
                                    <record javaclass="com.wm.util.Values">
                                      <value name="xmlns">http://www.w3.org/2001/XMLSchema</value>
                                      <value name="ncName">string</value>
                                    </record>
                                  </array>
                                </record>
                                <value name="nillable">true</value>
                                <value name="field_xmlns">urn:sobject.partner.soap.sforce.com</value>
                                <value name="form_qualified">true</value>
                                <value name="is_global">false</value>
                                <value name="is_soap_array_encoding_used">false</value>
                                <value name="field_min">0</value>
                                <value name="field_max">-1</value>
                                <value name="field_enhanced">true</value>
                                <value name="field_is_attribute">false</value>
                                <value name="field_is_text">false</value>
                                <value name="field_is_xml_content">false</value>
                                <value name="any_mode">0</value>
                                <value name="role">0</value>
                                <value name="any_mode_uris"></value>
                                <value name="process">0</value>
                              </record>
                              <record javaclass="com.wm.util.Values">
                                <value name="node_type">record</value>
                                <value name="node_subtype">unknown</value>
                                <value name="is_public">false</value>
                                <value name="field_name">ens:Id</value>
                                <value name="field_type">string</value>
                                <value name="field_dim">0</value>
                                <record name="field_content_type" javaclass="com.wm.util.Values">
                                  <value name="contentType">1</value>
                                  <value name="internalType">reference</value>
                                  <value name="dataTypeVersion">dtVersion2</value>
                                  <array name="targetNames" type="record" depth="1">
                                    <record javaclass="com.wm.util.Values">
                                      <value name="xmlns">urn:partner.soap.sforce.com</value>
                                      <value name="ncName">ID</value>
                                    </record>
                                  </array>
                                  <value name="schemaDomain">com.softwareag.cloudstreams.salesforce_v37#SforceService</value>
                                </record>
                                <value name="nillable">true</value>
                                <value name="field_xmlns">urn:sobject.partner.soap.sforce.com</value>
                                <value name="form_qualified">true</value>
                                <value name="is_global">false</value>
                                <value name="field_min">1</value>
                                <value name="field_max">1</value>
                                <value name="field_enhanced">true</value>
                                <value name="field_is_attribute">false</value>
                                <value name="field_is_text">false</value>
                                <value name="field_is_xml_content">false</value>
                                <value name="any_mode">0</value>
                                <value name="role">0</value>
                                <value name="any_mode_uris"></value>
                                <value name="process">0</value>
                              </record>
                              <record javaclass="com.wm.util.Values">
                                <value name="node_type">field</value>
                                <value name="node_subtype">unknown</value>
                                <value name="node_comment">Account ID</value>
                                <value name="is_public">false</value>
                                <value name="field_name">ens:Id</value>
                                <value name="field_type">string</value>
                                <value name="field_dim">0</value>
                                <value name="field_opt">true</value>
                                <record name="field_content_type" javaclass="com.wm.util.Values">
                                  <value name="contentType">1</value>
                                  <value name="internalType">reference</value>
                                  <value name="dataTypeVersion">dtVersion2</value>
                                  <array name="targetNames" type="record" depth="1">
                                    <record javaclass="com.wm.util.Values">
                                      <value name="xmlns">http://www.w3.org/2001/XMLSchema</value>
                                      <value name="ncName">ID</value>
                                    </record>
                                  </array>
                                </record>
                                <value name="nillable">false</value>
                                <value name="form_qualified">false</value>
                                <value name="is_global">false</value>
                                <value name="field_min">0</value>
                                <value name="field_max">1</value>
                                <value name="field_enhanced">true</value>
                                <value name="field_is_attribute">false</value>
                                <value name="field_is_text">false</value>
                                <value name="field_is_xml_content">false</value>
                                <value name="any_mode">0</value>
                                <value name="role">0</value>
                                <value name="any_mode_uris"></value>
                                <value name="process">0</value>
                              </record>
                              <record javaclass="com.wm.util.Values">
                                <value name="node_type">field</value>
                                <value name="node_subtype">unknown</value>
                                <value name="node_comment">Account Name</value>
                                <value name="is_public">false</value>
                                <value name="field_name">ens:Name</value>
                                <value name="field_type">string</value>
                                <value name="field_dim">0</value>
                                <value name="field_opt">true</value>
                                <record name="field_content_type" javaclass="com.wm.util.Values">
                                  <value name="contentType">1</value>
                                  <value name="internalType">reference</value>
                                  <value name="dataTypeVersion">dtVersion2</value>
                                  <array name="targetNames" type="record" depth="1">
                                    <record javaclass="com.wm.util.Values">
                                      <value name="xmlns">http://www.w3.org/2001/XMLSchema</value>
                                      <value name="ncName">string</value>
                                    </record>
                                  </array>
                                </record>
                                <value name="nillable">false</value>
                                <value name="form_qualified">false</value>
                                <value name="is_global">false</value>
                                <value name="field_min">0</value>
                                <value name="field_max">1</value>
                                <value name="field_enhanced">true</value>
                                <value name="field_is_attribute">false</value>
                                <value name="field_is_text">false</value>
                                <value name="field_is_xml_content">false</value>
                                <value name="any_mode">0</value>
                                <value name="role">0</value>
                                <value name="any_mode_uris"></value>
                                <value name="process">0</value>
                              </record>
                              <record javaclass="com.wm.util.Values">
                                <value name="node_type">field</value>
                                <value name="node_subtype">unknown</value>
                                <value name="node_comment">Account Type</value>
                                <record name="node_hints" javaclass="com.wm.util.Values">
                                  <value name="field_usereditable">true</value>
                                </record>
                                <value name="is_public">false</value>
                                <value name="field_name">ens:Type</value>
                                <value name="field_type">string</value>
                                <value name="field_dim">0</value>
                                <value name="field_opt">true</value>
                                <array name="field_options" type="value" depth="1">
                                  <value>Prospect</value>
                                  <value>Customer - Direct</value>
                                  <value>Customer - Channel</value>
                                  <value>Channel Partner / Reseller</value>
                                  <value>Installation Partner</value>
                                  <value>Technology Partner</value>
                                  <value>Other</value>
                                </array>
                                <record name="field_content_type" javaclass="com.wm.util.Values">
                                  <value name="contentType">1</value>
                                  <value name="internalType">reference</value>
                                  <value name="dataTypeVersion">dtVersion2</value>
                                  <array name="targetNames" type="record" depth="1">
                                    <record javaclass="com.wm.util.Values">
                                      <value name="xmlns">http://www.w3.org/2001/XMLSchema</value>
                                      <value name="ncName">string</value>
                                    </record>
                                  </array>
                                </record>
                                <value name="nillable">true</value>
                                <value name="form_qualified">false</value>
                                <value name="is_global">false</value>
                                <value name="field_min">0</value>
                                <value name="field_max">1</value>
                                <value name="field_enhanced">true</value>
                                <value name="field_is_attribute">false</value>
                                <value name="field_is_text">false</value>
                                <value name="field_is_xml_content">false</value>
                                <value name="any_mode">0</value>
                                <value name="role">0</value>
                                <value name="any_mode_uris"></value>
                                <value name="process">0</value>
                              </record>
                              <record javaclass="com.wm.util.Values">
                                <value name="node_type">field</value>
                                <value name="node_subtype">unknown</value>
                                <value name="node_comment">Billing Street</value>
                                <value name="is_public">false</value>
                                <value name="field_name">ens:BillingStreet</value>
                                <value name="field_type">string</value>
                                <value name="field_dim">0</value>
                                <value name="field_opt">true</value>
                                <record name="field_content_type" javaclass="com.wm.util.Values">
                                  <value name="contentType">1</value>
                                  <value name="internalType">reference</value>
                                  <value name="dataTypeVersion">dtVersion2</value>
                                  <array name="targetNames" type="record" depth="1">
                                    <record javaclass="com.wm.util.Values">
                                      <value name="xmlns">http://www.w3.org/2001/XMLSchema</value>
                                      <value name="ncName">string</value>
                                    </record>
                                  </array>
                                </record>
                                <value name="nillable">true</value>
                                <value name="form_qualified">false</value>
                                <value name="is_global">false</value>
                                <value name="field_min">0</value>
                                <value name="field_max">1</value>
                                <value name="field_enhanced">true</value>
                                <value name="field_is_attribute">false</value>
                                <value name="field_is_text">false</value>
                                <value name="field_is_xml_content">false</value>
                                <value name="any_mode">0</value>
                                <value name="role">0</value>
                                <value name="any_mode_uris"></value>
                                <value name="process">0</value>
                              </record>
                              <record javaclass="com.wm.util.Values">
                                <value name="node_type">field</value>
                                <value name="node_subtype">unknown</value>
                                <value name="node_comment">Billing City</value>
                                <value name="is_public">false</value>
                                <value name="field_name">ens:BillingCity</value>
                                <value name="field_type">string</value>
                                <value name="field_dim">0</value>
                                <value name="field_opt">true</value>
                                <record name="field_content_type" javaclass="com.wm.util.Values">
                                  <value name="contentType">1</value>
                                  <value name="internalType">reference</value>
                                  <value name="dataTypeVersion">dtVersion2</value>
                                  <array name="targetNames" type="record" depth="1">
                                    <record javaclass="com.wm.util.Values">
                                      <value name="xmlns">http://www.w3.org/2001/XMLSchema</value>
                                      <value name="ncName">string</value>
                                    </record>
                                  </array>
                                </record>
                                <value name="nillable">true</value>
                                <value name="form_qualified">false</value>
                                <value name="is_global">false</value>
                                <value name="field_min">0</value>
                                <value name="field_max">1</value>
                                <value name="field_enhanced">true</value>
                                <value name="field_is_attribute">false</value>
                                <value name="field_is_text">false</value>
                                <value name="field_is_xml_content">false</value>
                                <value name="any_mode">0</value>
                                <value name="role">0</value>
                                <value name="any_mode_uris"></value>
                                <value name="process">0</value>
                              </record>
                              <record javaclass="com.wm.util.Values">
                                <value name="node_type">field</value>
                                <value name="node_subtype">unknown</value>
                                <value name="node_comment">Billing State/Province</value>
                                <value name="is_public">false</value>
                                <value name="field_name">ens:BillingState</value>
                                <value name="field_type">string</value>
                                <value name="field_dim">0</value>
                                <value name="field_opt">true</value>
                                <record name="field_content_type" javaclass="com.wm.util.Values">
                                  <value name="contentType">1</value>
                                  <value name="internalType">reference</value>
                                  <value name="dataTypeVersion">dtVersion2</value>
                                  <array name="targetNames" type="record" depth="1">
                                    <record javaclass="com.wm.util.Values">
                                      <value name="xmlns">http://www.w3.org/2001/XMLSchema</value>
                                      <value name="ncName">string</value>
                                    </record>
                                  </array>
                                </record>
                                <value name="nillable">true</value>
                                <value name="form_qualified">false</value>
                                <value name="is_global">false</value>
                                <value name="field_min">0</value>
                                <value name="field_max">1</value>
                                <value name="field_enhanced">true</value>
                                <value name="field_is_attribute">false</value>
                                <value name="field_is_text">false</value>
                                <value name="field_is_xml_content">false</value>
                                <value name="any_mode">0</value>
                                <value name="role">0</value>
                                <value name="any_mode_uris"></value>
                                <value name="process">0</value>
                              </record>
                              <record javaclass="com.wm.util.Values">
                                <value name="node_type">field</value>
                                <value name="node_subtype">unknown</value>
                                <value name="node_comment">Billing Zip/Postal Code</value>
                                <value name="is_public">false</value>
                                <value name="field_name">ens:BillingPostalCode</value>
                                <value name="field_type">string</value>
                                <value name="field_dim">0</value>
                                <value name="field_opt">true</value>
                                <record name="field_content_type" javaclass="com.wm.util.Values">
                                  <value name="contentType">1</value>
                                  <value name="internalType">reference</value>
                                  <value name="dataTypeVersion">dtVersion2</value>
                                  <array name="targetNames" type="record" depth="1">
                                    <record javaclass="com.wm.util.Values">
                                      <value name="xmlns">http://www.w3.org/2001/XMLSchema</value>
                                      <value name="ncName">string</value>
                                    </record>
                                  </array>
                                </record>
                                <value name="nillable">true</value>
                                <value name="form_qualified">false</value>
                                <value name="is_global">false</value>
                                <value name="field_min">0</value>
                                <value name="field_max">1</value>
                                <value name="field_enhanced">true</value>
                                <value name="field_is_attribute">false</value>
                                <value name="field_is_text">false</value>
                                <value name="field_is_xml_content">false</value>
                                <value name="any_mode">0</value>
                                <value name="role">0</value>
                                <value name="any_mode_uris"></value>
                                <value name="process">0</value>
                              </record>
                              <record javaclass="com.wm.util.Values">
                                <value name="node_type">field</value>
                                <value name="node_subtype">unknown</value>
                                <value name="node_comment">Billing Country</value>
                                <value name="is_public">false</value>
                                <value name="field_name">ens:BillingCountry</value>
                                <value name="field_type">string</value>
                                <value name="field_dim">0</value>
                                <value name="field_opt">true</value>
                                <record name="field_content_type" javaclass="com.wm.util.Values">
                                  <value name="contentType">1</value>
                                  <value name="internalType">reference</value>
                                  <value name="dataTypeVersion">dtVersion2</value>
                                  <array name="targetNames" type="record" depth="1">
                                    <record javaclass="com.wm.util.Values">
                                      <value name="xmlns">http://www.w3.org/2001/XMLSchema</value>
                                      <value name="ncName">string</value>
                                    </record>
                                  </array>
                                </record>
                                <value name="nillable">true</value>
                                <value name="form_qualified">false</value>
                                <value name="is_global">false</value>
                                <value name="field_min">0</value>
                                <value name="field_max">1</value>
                                <value name="field_enhanced">true</value>
                                <value name="field_is_attribute">false</value>
                                <value name="field_is_text">false</value>
                                <value name="field_is_xml_content">false</value>
                                <value name="any_mode">0</value>
                                <value name="role">0</value>
                                <value name="any_mode_uris"></value>
                                <value name="process">0</value>
                              </record>
                            </array>
                            <record name="schemaType" javaclass="com.wm.util.Values">
                              <value name="xmlns">urn:sobject.partner.soap.sforce.com</value>
                              <value name="ncName">sObject</value>
                            </record>
                            <value name="schemaRegistered">true</value>
                            <value name="modifiable">true</value>
                            <value name="modelType">1</value>
                            <value name="preserveText">false</value>
                            <value name="namedText">false</value>
                            <value name="leadingText">false</value>
                          </record>
                          <record javaclass="com.wm.util.Values">
                            <value name="node_type">record</value>
                            <value name="node_subtype">unknown</value>
                            <value name="is_public">false</value>
                            <value name="field_name">tns:snippet</value>
                            <value name="field_type">record</value>
                            <value name="field_dim">0</value>
                            <value name="field_opt">true</value>
                            <value name="wrapper_type">IData</value>
                            <value name="nillable">true</value>
                            <value name="field_xmlns">urn:partner.soap.sforce.com</value>
                            <value name="form_qualified">false</value>
                            <value name="is_global">false</value>
                            <value name="schemaDomain">com.softwareag.cloudstreams.salesforce_v37#SforceService</value>
                            <value name="docTypeDomain">3d8b73c3798c43258c8af6c3eb78348e</value>
                            <value name="field_min">0</value>
                            <value name="field_max">1</value>
                            <value name="field_enhanced">true</value>
                            <value name="field_is_attribute">false</value>
                            <value name="field_is_text">false</value>
                            <value name="field_is_xml_content">false</value>
                            <value name="any_mode">0</value>
                            <value name="role">0</value>
                            <value name="any_mode_uris"></value>
                            <value name="process">0</value>
                            <array name="rec_fields" type="record" depth="1">
                            </array>
                            <record name="schemaType" javaclass="com.wm.util.Values">
                              <value name="xmlns">urn:partner.soap.sforce.com</value>
                              <value name="ncName">SearchSnippet</value>
                            </record>
                            <value name="schemaRegistered">true</value>
                            <value name="modifiable">true</value>
                            <value name="modelType">1</value>
                            <value name="preserveText">false</value>
                            <value name="namedText">false</value>
                            <value name="leadingText">false</value>
                          </record>
                        </array>
                        <record name="schemaType" javaclass="com.wm.util.Values">
                          <value name="xmlns">urn:partner.soap.sforce.com</value>
                          <value name="ncName">SearchRecord</value>
                        </record>
                        <value name="schemaRegistered">true</value>
                        <value name="modifiable">true</value>
                        <value name="modelType">1</value>
                        <value name="preserveText">false</value>
                        <value name="namedText">false</value>
                        <value name="leadingText">false</value>
                      </record>
                      <record javaclass="com.wm.util.Values">
                        <value name="node_type">record</value>
                        <value name="node_subtype">unknown</value>
                        <value name="is_public">false</value>
                        <value name="field_name">tns:searchResultsMetadata</value>
                        <value name="field_type">record</value>
                        <value name="field_dim">0</value>
                        <value name="field_opt">true</value>
                        <value name="wrapper_type">IData</value>
                        <value name="nillable">true</value>
                        <value name="field_xmlns">urn:partner.soap.sforce.com</value>
                        <value name="form_qualified">false</value>
                        <value name="is_global">false</value>
                        <value name="schemaDomain">com.softwareag.cloudstreams.salesforce_v37#SforceService</value>
                        <value name="docTypeDomain">3d8b73c3798c43258c8af6c3eb78348e</value>
                        <value name="field_min">0</value>
                        <value name="field_max">1</value>
                        <value name="field_enhanced">true</value>
                        <value name="field_is_attribute">false</value>
                        <value name="field_is_text">false</value>
                        <value name="field_is_xml_content">false</value>
                        <value name="any_mode">0</value>
                        <value name="role">0</value>
                        <value name="any_mode_uris"></value>
                        <value name="process">0</value>
                        <array name="rec_fields" type="record" depth="1">
                        </array>
                        <record name="schemaType" javaclass="com.wm.util.Values">
                          <value name="xmlns">urn:partner.soap.sforce.com</value>
                          <value name="ncName">SearchResultsMetadata</value>
                        </record>
                        <value name="schemaRegistered">true</value>
                        <value name="modifiable">true</value>
                        <value name="modelType">1</value>
                        <value name="preserveText">false</value>
                        <value name="namedText">false</value>
                        <value name="leadingText">false</value>
                      </record>
                    </array>
                    <record name="schemaType" javaclass="com.wm.util.Values">
                      <value name="xmlns">urn:partner.soap.sforce.com</value>
                      <value name="ncName">SearchResult</value>
                    </record>
                    <value name="schemaRegistered">true</value>
                    <value name="modifiable">true</value>
                    <value name="modelType">1</value>
                    <value name="preserveText">false</value>
                    <value name="namedText">false</value>
                    <value name="leadingText">false</value>
                  </record>
                </array>
                <value name="rec_closed">true</value>
                <value name="modifiable">true</value>
                <value name="modelType">1</value>
                <value name="preserveText">false</value>
                <value name="namedText">false</value>
                <value name="leadingText">false</value>
              </record>
            </array>
            <value name="modifiable">true</value>
          </record>
          <record javaclass="com.wm.util.Values">
            <value name="node_type">record</value>
            <value name="node_subtype">unknown</value>
            <value name="is_public">false</value>
            <value name="field_name">fault</value>
            <value name="field_type">record</value>
            <value name="field_dim">0</value>
            <value name="field_opt">true</value>
            <value name="wrapper_type">IData</value>
            <value name="nillable">true</value>
            <value name="form_qualified">false</value>
            <value name="is_global">false</value>
            <array name="rec_fields" type="record" depth="1">
            </array>
            <value name="modifiable">true</value>
          </record>
        </array>
        <value name="modifiable">true</value>
      </record>
    </array>
    <value name="modifiable">true</value>
  </record>
</Values>
</MAPSOURCE>

  <!-- nodes -->

<MAPCOPY FROM="/getAccountAddress_sfOutput;2;0/responseBody;2;0/tns:searchResponse;2;0/tns:result;2;0/tns:searchRecords;2;1/tns:record;2;0" TO="/Address;4;0;HelloDBP.HelloSalesforce:Address">
</MAPCOPY>

<MAPDELETE FIELD="/getAccountAddress_sfOutput;2;0">
</MAPDELETE>

<MAPDELETE FIELD="/getAccountAddress_sfInput;2;0">
</MAPDELETE>
</MAP>
</INVOKE>
</FLOW>
